n_cases,n_work_days,runtime_seconds,cumulative_runtime,days_used,initial_hard_violations
10,3,1.8114405020023696,1.8114405020023696,1,2
60,6,1.8375315550001687,3.6489720570025383,6,244
110,8,2.5108396360010374,6.159811693003576,8,1580
160,11,5.1370280839983025,11.296839777001878,11,2162
